{"count":1,"self":92.395839999999993,"total":92.74036199999999,"children":{"InitializeActuators":{"count":1,"self":0.0010054999999999999,"total":0.0010054999999999999,"children":null},"InitializeSensors":{"count":1,"self":0.0020036999999999998,"total":0.0020036999999999998,"children":null},"AgentSendState":{"count":4302,"self":0.0294027,"total":0.0541599,"children":{"CollectObservations":{"count":861,"self":0.0120772,"total":0.0120772,"children":null},"WriteActionMask":{"count":861,"self":0.00099899999999999989,"total":0.00099899999999999989,"children":null},"RequestDecision":{"count":861,"self":0.011680999999999999,"total":0.011680999999999999,"children":null}}},"DecideAction":{"count":4302,"self":0.24661149999999998,"total":0.24661149999999998,"children":null},"AgentAct":{"count":4302,"self":0.0397313,"total":0.0397313,"children":null}},"gauges":{},"metadata":{"timer_format_version":"0.1.0","start_time_seconds":"1776808454","unity_version":"6000.2.2f1","command_line_arguments":"C:\\Program Files\\Unity\\Hub\\Editor\\6000.2.2f1\\Editor\\Unity.exe -projectpath C:\\Users\\vince\\Downloads\\Lab4\\BallerMan\\BallerMan -acceptSoftwareTermsForThisRunOnly -useHub -hubIPC -cloudEnvironment production","communication_protocol_version":"1.5.0","com.unity.ml-agents_version":"3.0.0","scene_name":"Level","end_time_seconds":"1776808546"}}