{"count":1,"self":49.3659584,"total":49.764289399999996,"children":{"InitializeActuators":{"count":1,"self":0.0038385999999999997,"total":0.0038385999999999997,"children":null},"InitializeSensors":{"count":1,"self":0.001419,"total":0.001419,"children":null},"AgentSendState":{"count":2014,"self":0.0306608,"total":0.050099399999999995,"children":{"CollectObservations":{"count":403,"self":0.0082641,"total":0.0082641,"children":null},"WriteActionMask":{"count":403,"self":0.0054532999999999995,"total":0.0054532999999999995,"children":null},"RequestDecision":{"count":403,"self":0.0057212,"total":0.0057212,"children":null}}},"DecideAction":{"count":2014,"self":0.28643789999999997,"total":0.28643789999999997,"children":null},"AgentAct":{"count":2014,"self":0.055501999999999996,"total":0.055501999999999996,"children":null}},"gauges":{"ThrowAgent.CumulativeReward":{"count":23,"max":2.76422119,"min":0,"runningAverage":0.5289898,"value":0.5628056,"weightedAverage":0.33667326}},"metadata":{"timer_format_version":"0.1.0","start_time_seconds":"1776809552","unity_version":"6000.2.2f1","command_line_arguments":"E:\\Unity\\6000.2.2f1\\Editor\\Unity.exe -projectpath E:\\Centennial_College\\Winter 2026\\COMP256\\BallerMan\\BallerMan -acceptSoftwareTermsForThisRunOnly -useHub -hubIPC -cloudEnvironment production","communication_protocol_version":"1.5.0","com.unity.ml-agents_version":"3.0.0","scene_name":"Level","end_time_seconds":"1776809602"}}